insert into user(cdsid,e_name,c_name) values('wran','Ran','魏然'),
                                            ('ywu12','Roger','吴宇飞'),
                                            ('jchen8','Jason','陈佳景'),
                                            ('lzheng','Liang','郑梁'),
                                            ('twan','Ting','万婷'),
                                            ('klu','Kangyi','卢康毅'),
                                            ('zzheng3','Jenny','郑臻一'),
                                            ('qzhou1','Power','周权'),
                                            ('xcao8','Jessie','曹晓程'),
                                            ('jyu2','Jeff','余家火'),
                                            ('zzhang6','Alex','张震华'),
                                            ('schen8','Shuai','陈帅'),
                                            ('xwang17','Flora','王心怡'),
                                            ('yzhou16','Jane','周翊'),
                                            ('szhu2','Shaoying','朱少英'),
                                            ('fdi','Iris','第凤'),
                                            ('wchen5','Willian','陈文学'),
                                            ('lfang1','Lily','方莉莉'),
                                            ('wwang12','Weizhe','王炜哲'),
                                            ('bwang19','Jason','王宝忠'),
                                            ('zzhong3','Kan','钟志堪'),
                                            ('xhu2','Peter','胡小松'),
                                            ('xsong1','Sheldon','宋晓东'),
                                            ('xxu11','Seth','徐夏'),
                                            ('gchu1','Gang','褚刚'),
                                            ('xgu3','Janet','顾心怡'),
                                            ('cyao1','Chengfu','姚成富'),
                                            ('zduan3','Zhilong','段芝龙'),
                                            ('pwang4','Ping','王平'),
                                            ('yxu19','Yongyan','徐永艳'),
                                            ('wdong1','Alvin','董卫涛'),
                                            ('xcai3','Xianwu','蔡先悟'),
                                            ('jzhou8','Jie','周捷'),
                                            ('sxu15','Albert','徐韶辉'),
                                            ('wshu','Grace','舒文雅'),
                                            ('kthomers','Kevin','Kevin Thomerson'),
                                            ('sxiang3','Shen','向绅'),
                                            ('hqu2','Eva','曲虹'),
                                            ('tying','Ying','陶樱'),
                                            ('satkin18','Samantha','Samantha Atkins'),
                                            ('gwilso26','Geoffrey','Geoffrey Wilson'),
                                            ('wkang1','Jenny','康文雯'),
                                            ('hwang25','Henry','汪恒'),
                                            ('xdeng1','Joyce','邓雪君'),
                                            ('whuang6','Jack','黄文政'),
                                            ('lgu6','Li','顾力'),
                                            ('xhuan','Xia','还夏'),
                                            ('ywang78','Brian','王彦文'),
                                            ('yyang54','Yanlong','杨雁龙'),
                                            ('bsiegler','Blake','Blake Siegler'),
                                            ('zmok','Joe','莫祖慰'),
                                            ('jzhao25','Sharon','赵佳雯'),
                                            ('ysong16','Yifan','宋一帆'),
                                            ('dross56','Dave','Dave Ross'),
                                            ('wouyang1','Wenhui','欧阳文慧'),
                                            ('yzhao40','Stella','赵亿'),
                                            ('zliu32','Bruce','刘兆海'),
                                            ('bxing1','Bob','邢斌'),
                                            ('wwei3','Wenyuan','魏文远'),
                                            ('lzhang56','Lijuan','张丽娟'),
                                            ('jwen5','Juejian','文觉剑'),
                                            ('yyang57','Yijie','杨一杰'),
                                            ('yliang3','Crystal','梁莹莹'),
                                            ('zpan2','Zicheng','潘子成'),
                                            ('ywang88','Yi','王怡'),
                                            ('yjing4','Andy','Yang-Tien Jing '),
                                            ('tzheng1','Tina','郑婷婷'),
                                            ('nlin3','Niandong','林念东'),
                                            ('jying1','Jiong','应炯'),
                                            ('scao2','Shuzi','曹姝子'),
                                            ('lliu12','Liang','刘亮'),
                                            ('sli38','Shanju','李善举'),
                                            ('ali9','Ayisha','李阿伊莎'),
                                            ('szhang28','Shichao','张世超'),
                                            ('dou','Anthony','欧东宁'),
                                            ('ttao4','Cairne','陶韬'),
                                            ('ywei4','Yuxiang','魏宇翔'),
                                            ('jfei3','Jiawen','费佳雯'),
                                            ('hqiu1','Hanzo','邱海龙 '),
                                            ('yzhao42','Yuxin','赵雨欣'),
                                            ('thuang8','Tianlong','黄天龙'),
                                            ('jxiao5','Jun','肖俊'),
                                            ('myu2','Miao','喻苗'),
                                            ('zfeng5','Paul','封志鹏'),
                                            ('szhao13','Shiyu','赵世宇'),
                                            ('jhuang9','Jinyuan','黄晋原'),
                                            ('zyang19','Zhao','杨照'),
                                            ('nliu5','Ray','刘楠'),
                                            ('yzhao43','Celine','赵宇馨'),
                                            ('rwang13','Eric','王仁峰'),
                                            ('jsun19','Jason','孙佳兴'),
                                            ('pxu3','Pengyou ','徐彭有'),
                                            ('zzhu12','Henry','朱正伟'),
                                            ('yli82','Yefan','厉烨帆 '),
                                            ('jliu25','Jamie','刘建国'),
                                            ('jzhou13','Lucia','周金荣'),
                                            ('yjiang27','Yan','蒋言'),
                                            ('yzhan140',' Johnny','张屹骁 '),
                                            ('hsheng2','Hongyu','盛宏瑜'),
                                            ('yzhan141','Neil','张怡军'),
                                            ('jzhang46','Hans','张骥'),
                                            ('hmao4','Haoqi','毛浩琪'),
                                            ('bzhou5','Bingxiang','周炳翔'),
                                            ('lwang37','Liam','王亮 '),
                                            ('ymeng3','Yongchao ','孟永超'),
                                            ('yliu97','Jack','刘亚坤'),
                                            ('jhe3','Jingran ','贺靖然'),
                                            ('wshi8','Wei','施维 '),
                                            ('wye1','Wenlong','叶文龙 '),
                                            ('xzhang52','Xia','张夏'),
                                            ('zxia2','Zhixiang','夏之祥'),
                                            ('lyin5','Liuliu','殷留留'),
                                            ('zcai1','Zhulin','蔡株麟'),
                                            ('sren','Siyuan','任思源'),
                                            ('zxia3','Carlton','夏之秋'),
                                            ('jhe4','Tina','贺静怡'),
                                            ('jsun20','Junfei','孙君飞'),
                                            ('ywu41','Yin','吴荫'),
                                            ('qyou1','Trevor','尤清泉'),
                                            ('jwang52','Junyong','王俊勇'),
                                            ('cmao2','Sven','毛呈宇'),
                                            ('jxiong','Jiajia','熊家家'),
                                            ('zguo8','Peter','郭志川'),
                                            ('yzhou49','Yiming','周奕鸣'),
                                            ('hdu1','Grace','杜昊'),
                                            ('qzhou7','Edith','周倩雯'),
                                            ('jshen19','Jiayi','沈嘉怡 '),
                                            ('bfan3','Bruce','范博欣'),
                                            ('jhuang12','Jian','黄健'),
                                            ('bsun4','Bo','孙博'),
                                            ('jzhu39','James','朱捷'),
                                            ('jma9','Jianfei','马建飞'),
                                            ('clu5','Chuanhai','卢川海'),
                                            ('yqian7','Yang','钱阳'),
                                            ('lsha1','Silvio','沙龙睿辰'),
                                            ('yqin8','Yanguang','秦彦光'),
                                            ('pxin','Payson','辛沛森'),
                                            ('mxu12','Meiling','徐美玲'),
                                            ('hmao5','Hanhu ','茆汉湖'),
                                            ('eli2','Endong','厉恩东'),
                                            ('phuang','Ping','黄萍'),
                                            ('qli14','Qian','李前'),
                                            ('lyu10','Jeremy','于林男'),
                                            ('xhuo','Elvis','霍新广'),
                                            ('qli15','Qingguo','李情国'),
                                            ('lzhang75','Leona','张磊'),
                                            ('jzha','Charlie','查健'),
                                            ('dliu9','Andy','刘冬科'),
                                            ('bxu8','Bing','徐兵'),
                                            ('jwang60','Jiaqi','王嘉淇'),
                                            ('syin2','Shujie','尹庶杰'),
                                            ('lchen47','Van','陈亮宇'),
                                            ('yli86','Luque','李宇科'),
                                            ('zwang35','Jay','王瞻远'),
                                            ('tbai1','Tim','白天'),
                                            ('bwu6','Bin','武斌'),
                                            ('rjia','Ruo','贾若'),
                                            ('wwu7','Winne','吴炜'),
                                            ('yxue1','Roy','薛银'),
                                            ('yliu101','Yao','柳尧'),
                                            ('xli42','Leo','李晓亮'),
                                            ('yyu18','Yang','于洋'),
                                            ('tzhang26','Teng','张腾'),
                                            ('jchen39','Ken','陈健聪'),
                                            ('swang37','Alex','王森林'),
                                            ('lli29','Leo','李龙亮'),
                                            ('xchen59','Xueyao','陈雪遥'),
                                            ('zwu8','Zerry','吴振宇'),
                                            ('jfu6','Jin','傅劲'),
                                            ('tshi1','Eric','施天羽'),
                                            ('hzhang60','Tony','张贺'),
                                            ('szou1','Shiyu','邹时雨'),
                                            ('pgiantag','Paulo','Paulo Giantaglia'),
                                            ('serbeyl1','Seckin','Seckin Erbeyler'),
                                            ('wli34','Kate','李卫静'),
                                            ('hgao3','Hui','高慧'),
                                            ('ydu8','Yifan','杜一凡'),
                                            ('qdi','Fiona','狄乔乔'),
                                            ('lzhao9','Daisy','赵留钰'),
                                            ('QCAO1','Nicole','曹倩'),
                                            ('ZZHANG40','Judy','张竹一'),
                                            ('YWANG90','Yilun','王轶伦'),
                                            ('LSHEN15','Samuel','沈岭峰'),
                                            ('LZHANG87','Lingping','张玲萍'),
                                            ('JXUAN1','Jiyun','宣继云'),
                                            ('WLIU16','Steve','刘伟'),
                                            ('YJIA7','Yicong','贾一聪'),
                                            ('LCHEN49','Ling','陈岭'),
                                            ('MLIU14','Mingqing','刘明清'),
                                            ('HLI20','Hui','李慧'),
                                            ('YQIAN8','Zoey','钱盈豫'),
                                            ('JLI54','Junwei','李俊维'),
                                            ('JWANG62','Jacktone','王皆通'),
                                            ('SCHEN39','Shiran','陈诗然'),
                                            ('KWANG7','Kai','王凯'),
                                            ('JWANG61','Daniel','王珏全'),
                                            ('HYAN7','Hao','闫浩'),
                                            ('JCAI7','Jianfeng','蔡建锋');

insert into quiz(index, context)
values (1, 'Which is NOT belonging to the 3 pillars to build supply chain resilience?'),
       (2, 'In JLR family, which is the best-selling model so far in current financial year?'),
       (3, 'Which is the 3rd ranking issue in the list as collected from PE teams?'),
       (4, 'What is the variate under Agile approach?'),
       (5, 'How many New Starters do we have in PE team from Sep 5th 2022 till now?'),
       (6, 'In which direction, you will see the view as picture below in new office building?'),
       (7, 'How many functions will be delivered in EVA25?');

insert into quiz_option(question_index, index, context, is_answer)
values (1, 1, 'Increase Transparency', false),
       (1, 2, 'Improve consistency', false),
       (1, 3, 'Build collaborative ways of working', false),
       (1, 4, 'Acquire suppliers', true),
       (2, 1, 'RR Evoque', false),
       (2, 2, 'Defender', true),
       (2, 3, 'New Range Rover', false),
       (2, 4, 'F-Pace', false),
       (3, 1, 'Transparency & communication', false),
       (3, 2, 'Agile transformation', false),
       (3, 3, 'Voice of Chinese market & China strategy', true),
       (3, 4, 'IT system & Tools', false),
       (4, 1, 'Cost', false),
       (4, 2, 'Time', false),
       (4, 3, 'Quality', false),
       (4, 4, 'Scope', true),
       (5, 1, '55', false),
       (5, 2, '61', false),
       (5, 3, '63', true),
       (5, 4, '70', false),
       (6, 1, 'East', false),
       (6, 2, 'South', false),
       (6, 3, 'West', true),
       (6, 4, 'North', false),
       (7, 1, '20+', false),
       (7, 2, '30+', true),
       (7, 3, '40+', false),
       (7, 4, '50+', false)
;