insert into user(cdsid,e_name,c_name) values('WRAN','Ran','魏然'),
                                            ('YWU12','Roger','吴宇飞'),
                                            ('JCHEN8','Jason','陈佳景'),
                                            ('LZHENG','Liang','郑梁'),
                                            ('TWAN','Ting','万婷'),
                                            ('KLU','Kangyi','卢康毅'),
                                            ('ZZHENG3','Jenny','郑臻一'),
                                            ('QZHOU1','Power','周权'),
                                            ('XCAO8','Jessie','曹晓程'),
                                            ('JYU2','Jeff','余家火'),
                                            ('ZZHANG6','Alex','张震华'),
                                            ('SCHEN8','Shuai','陈帅'),
                                            ('XWANG17','Flora','王心怡'),
                                            ('YZHOU16','Jane','周翊'),
                                            ('SZHU2','Shaoying','朱少英'),
                                            ('FDI','Iris','第凤'),
                                            ('WCHEN5','Willian','陈文学'),
                                            ('LFANG1','Lily','方莉莉'),
                                            ('WWANG12','Weizhe','王炜哲'),
                                            ('BWANG19','Jason','王宝忠'),
                                            ('ZZHONG3','Kan','钟志堪'),
                                            ('XHU2','Peter','胡小松'),
                                            ('XSONG1','Sheldon','宋晓东'),
                                            ('XXU11','Seth','徐夏'),
                                            ('GCHU1','Gang','褚刚'),
                                            ('XGU3','Janet','顾心怡'),
                                            ('CYAO1','Chengfu','姚成富'),
                                            ('ZDUAN3','Zhilong','段芝龙'),
                                            ('PWANG4','Ping','王平'),
                                            ('YXU19','Yongyan','徐永艳'),
                                            ('WDONG1','Alvin','董卫涛'),
                                            ('XCAI3','Xianwu','蔡先悟'),
                                            ('JZHOU8','Jie','周捷'),
                                            ('SXU15','Albert','徐韶辉'),
                                            ('WSHU','Grace','舒文雅'),
                                            ('KTHOMERS','Kevin','Kevin Thomerson'),
                                            ('SXIANG3','Shen','向绅'),
                                            ('HQU2','Eva','曲虹'),
                                            ('TYING','Ying','陶樱'),
                                            ('SATKIN18','Samantha','Samantha Atkins'),
                                            ('GWILSO26','Geoffrey','Geoffrey Wilson'),
                                            ('WKANG1','Jenny','康文雯'),
                                            ('HWANG25','Henry','汪恒'),
                                            ('XDENG1','Joyce','邓雪君'),
                                            ('WHUANG6','Jack','黄文政'),
                                            ('LGU6','Li','顾力'),
                                            ('XHUAN','Xia','还夏'),
                                            ('YWANG78','Brian','王彦文'),
                                            ('YYANG54','Yanlong','杨雁龙'),
                                            ('BSIEGLER','Blake','Blake Siegler'),
                                            ('ZMOK','Joe','莫祖慰'),
                                            ('JZHAO25','Sharon','赵佳雯'),
                                            ('YSONG16','Yifan','宋一帆'),
                                            ('DROSS56','Dave','Dave Ross'),
                                            ('WOUYANG1','Wenhui','欧阳文慧'),
                                            ('YZHAO40','Stella','赵亿'),
                                            ('ZLIU32','Bruce','刘兆海'),
                                            ('BXING1','Bob','邢斌'),
                                            ('WWEI3','Wenyuan','魏文远'),
                                            ('LZHANG56','Lijuan','张丽娟'),
                                            ('JWEN5','Juejian','文觉剑'),
                                            ('YYANG57','Yijie','杨一杰'),
                                            ('YLIANG3','Crystal','梁莹莹'),
                                            ('ZPAN2','Zicheng','潘子成'),
                                            ('YWANG88','Yi','王怡'),
                                            ('YJING4','Andy','Yang-Tien Jing '),
                                            ('TZHENG1','Tina','郑婷婷'),
                                            ('NLIN3','Niandong','林念东'),
                                            ('JYING1','Jiong','应炯'),
                                            ('SCAO2','Shuzi','曹姝子'),
                                            ('LLIU12','Liang','刘亮'),
                                            ('SLI38','Shanju','李善举'),
                                            ('ALI9','Ayisha','李阿伊莎'),
                                            ('SZHANG28','Shichao','张世超'),
                                            ('DOU','Anthony','欧东宁'),
                                            ('TTAO4','Cairne','陶韬'),
                                            ('YWEI4','Yuxiang','魏宇翔'),
                                            ('JFEI3','Jiawen','费佳雯'),
                                            ('HQIU1','Hanzo','邱海龙 '),
                                            ('YZHAO42','Yuxin','赵雨欣'),
                                            ('THUANG8','Tianlong','黄天龙'),
                                            ('JXIAO5','Jun','肖俊'),
                                            ('MYU2','Miao','喻苗'),
                                            ('ZFENG5','Paul','封志鹏'),
                                            ('SZHAO13','Shiyu','赵世宇'),
                                            ('JHUANG9','Jinyuan','黄晋原'),
                                            ('ZYANG19','Zhao','杨照'),
                                            ('NLIU5','Ray','刘楠'),
                                            ('YZHAO43','Celine','赵宇馨'),
                                            ('RWANG13','Eric','王仁峰'),
                                            ('JSUN19','Jason','孙佳兴'),
                                            ('PXU3','Pengyou ','徐彭有'),
                                            ('ZZHU12','Henry','朱正伟'),
                                            ('YLI82','Yefan','厉烨帆 '),
                                            ('JLIU25','Jamie','刘建国'),
                                            ('JZHOU13','Lucia','周金荣'),
                                            ('YJIANG27','Yan','蒋言'),
                                            ('YZHAN140',' Johnny','张屹骁 '),
                                            ('HSHENG2','Hongyu','盛宏瑜'),
                                            ('YZHAN141','Neil','张怡军'),
                                            ('JZHANG46','Hans','张骥'),
                                            ('HMAO4','Haoqi','毛浩琪'),
                                            ('BZHOU5','Bingxiang','周炳翔'),
                                            ('LWANG37','Liam','王亮 '),
                                            ('YMENG3','Yongchao ','孟永超'),
                                            ('YLIU97','Jack','刘亚坤'),
                                            ('JHE3','Jingran ','贺靖然'),
                                            ('WSHI8','Wei','施维 '),
                                            ('WYE1','Wenlong','叶文龙 '),
                                            ('XZHANG52','Xia','张夏'),
                                            ('ZXIA2','Zhixiang','夏之祥'),
                                            ('LYIN5','Liuliu','殷留留'),
                                            ('ZCAI1','Zhulin','蔡株麟'),
                                            ('SREN','Siyuan','任思源'),
                                            ('ZXIA3','Carlton','夏之秋'),
                                            ('JHE4','Tina','贺静怡'),
                                            ('JSUN20','Junfei','孙君飞'),
                                            ('YWU41','Yin','吴荫'),
                                            ('QYOU1','Trevor','尤清泉'),
                                            ('JWANG52','Junyong','王俊勇'),
                                            ('CMAO2','Sven','毛呈宇'),
                                            ('JXIONG','Jiajia','熊家家'),
                                            ('ZGUO8','Peter','郭志川'),
                                            ('YZHOU49','Yiming','周奕鸣'),
                                            ('HDU1','Grace','杜昊'),
                                            ('QZHOU7','Edith','周倩雯'),
                                            ('JSHEN19','Jiayi','沈嘉怡 '),
                                            ('BFAN3','Bruce','范博欣'),
                                            ('JHUANG12','Jian','黄健'),
                                            ('BSUN4','Bo','孙博'),
                                            ('JZHU39','James','朱捷'),
                                            ('JMA9','Jianfei','马建飞'),
                                            ('CLU5','Chuanhai','卢川海'),
                                            ('YQIAN7','Yang','钱阳'),
                                            ('LSHA1','Silvio','沙龙睿辰'),
                                            ('YQIN8','Yanguang','秦彦光'),
                                            ('PXIN','Payson','辛沛森'),
                                            ('MXU12','Meiling','徐美玲'),
                                            ('HMAO5','Hanhu ','茆汉湖'),
                                            ('ELI2','Endong','厉恩东'),
                                            ('PHUANG','Ping','黄萍'),
                                            ('QLI14','Qian','李前'),
                                            ('LYU10','Jeremy','于林男'),
                                            ('XHUO','Elvis','霍新广'),
                                            ('QLI15','Qingguo','李情国'),
                                            ('LZHANG75','Leona','张磊'),
                                            ('JZHA','Charlie','查健'),
                                            ('DLIU9','Andy','刘冬科'),
                                            ('BXU8','Bing','徐兵'),
                                            ('JWANG60','Jiaqi','王嘉淇'),
                                            ('SYIN2','Shujie','尹庶杰'),
                                            ('LCHEN47','Van','陈亮宇'),
                                            ('YLI86','Luque','李宇科'),
                                            ('ZWANG35','Jay','王瞻远'),
                                            ('TBAI1','Tim','白天'),
                                            ('BWU6','Bin','武斌'),
                                            ('RJIA','Ruo','贾若'),
                                            ('WWU7','Winne','吴炜'),
                                            ('YXUE1','Roy','薛银'),
                                            ('YLIU101','Yao','柳尧'),
                                            ('XLI42','Leo','李晓亮'),
                                            ('YYU18','Yang','于洋'),
                                            ('TZHANG26','Teng','张腾'),
                                            ('JCHEN39','Ken','陈健聪'),
                                            ('SWANG37','Alex','王森林'),
                                            ('LLI29','Leo','李龙亮'),
                                            ('XCHEN59','Xueyao','陈雪遥'),
                                            ('ZWU8','Zerry','吴振宇'),
                                            ('JFU6','Jin','傅劲'),
                                            ('TSHI1','Eric','施天羽'),
                                            ('HZHANG60','Tony','张贺'),
                                            ('SZOU1','Shiyu','邹时雨'),
                                            ('pgiantag','Paulo','Paulo Giantaglia'),
                                            ('serbeyl1','Seckin','Seckin Erbeyler'),
                                            ('wli34','Kate','李卫静'),
                                            ('hgao3','Hui','高慧'),
                                            ('ydu8','Yifan','杜一凡'),
                                            ('qdi','Fiona','狄乔乔'),
                                            ('lzhao9','Daisy','赵留钰');

insert into quiz(index, context)
values (1, 'test1 question'),
       (2, 'test2 question'),
       (3, 'test3 question'),
       (4, 'test4 question'),
       (5, 'test5 question'),
       (6, 'test6 question'),
       (7, 'test7 question');

insert into quiz_option(question_index, index, context, is_answer)
values (1, 1, 'test1 option1', false),
       (1, 2, 'test1 option2', false),
       (1, 3, 'test1 option3', true),
       (1, 4, 'test1 option4', false),
       (2, 1, 'test2 option1', false),
       (2, 2, 'test2 option2', false),
       (2, 3, 'test2 option3', true),
       (2, 4, 'test2 option4', false),
       (3, 1, 'test3 option1', false),
       (3, 2, 'test3 option2', false),
       (3, 3, 'test3 option3', true),
       (3, 4, 'test3 option4', false),
       (4, 1, 'test4 option1', false),
       (4, 2, 'test4 option2', false),
       (4, 3, 'test4 option3', true),
       (4, 4, 'test4 option4', false),
       (5, 1, 'test5 option1', false),
       (5, 2, 'test5 option2', false),
       (5, 3, 'test5 option3', true),
       (5, 4, 'test5 option4', false),
       (6, 1, 'test6 option1', false),
       (6, 2, 'test6 option2', false),
       (6, 3, 'test6 option3', true),
       (6, 4, 'test6 option4', false),
       (7, 1, 'test7 option1', false),
       (7, 2, 'test7 option2', false),
       (7, 3, 'test7 option3', true),
       (7, 4, 'test7 option4', false)
;